Importer,MAE,RMSE,R2
Sucafina,54.55522866136607,58.8825066284353,0.7781024264417455
Olam International,2763.1201021226298,3049.284953407861,0.7799257106016667
Bernhard Rothfos,54.26891615522891,58.75096293196478,0.7790927586922816
Hafco Trading,0.04628264238999691,0.046299040453915176,0.9999999047288379
Ecom Agro Industrialist,542.937605875135,587.7196779422807,0.6866989389201106
Volcafe,186.49031169558657,215.57551873562699,0.7705046702314338
