Importer,MAE,RMSE,R2
Touton SA,16.461326896023138,17.259231493656255,0.9172552578467734
Louis Dreyfus,47.83860625752288,52.82100113528294,0.4306003753196813
Aldwami Co,6.681940370048437,7.356220048237657,0.4588602660190637
Altasheel Import and Export,0.6968817641896976,0.767659194668701,0.9999018854294844
