Importer,MAE,RMSE,R2
Touton SA,232.84904032640958,236.49130231121052,-14.535593352458992
Louis Dreyfus,321.8063540216263,326.19854207021484,-20.71540588749668
Aldwami Co,38.83207241936444,39.321964920198106,-14.462169251852902
Altasheel Import and Export,65.88823992001494,71.02399056987657,0.16014031442748522
