Importer,MAE,RMSE,R2
Louis Dreyfus,47.83860625752288,52.82100113528294,0.4306003753196813
Aldwami Co,6.681940370048437,7.356220048237657,0.4588602660190637
